INSERT INTO bohemia.region ("RegionID", "City", "Country") VALUES ('1', 'Canterbury', 'England');
INSERT INTO bohemia.region ("RegionID", "City", "Country") VALUES ('2', 'Wingham', 'England');
INSERT INTO bohemia.region ("RegionID", "City", "Country") VALUES ('3', 'Hoath', 'England');
INSERT INTO bohemia.region ("RegionID", "City", "Country") VALUES ('4', 'Wye', 'England');
INSERT INTO bohemia.region ("RegionID", "City", "Country") VALUES ('5', 'Ashford', 'England');
INSERT INTO bohemia.region ("RegionID", "City", "Country") VALUES ('6', 'Canterbury', 'England');
INSERT INTO bohemia.region ("RegionID", "City", "Country") VALUES ('7', 'Kennington', 'England');

INSERT INTO bohemia.studioinformation ("StudioInformationID", "Name", "Description", "Head_Of_Studio_Name", "Date_Acquired", "Address", "ContactNumber", "AlternativeNumber", "Email") VALUES ('1', 'Fuzzy Sheep Studios', 'Specialises in porting games from Bohemia Group studios to Android and iOS platforms including smartphones and tablets.', 'William Butcher', '12/8/22', '12 Main Street, Canterbury, CT1 1AA', '01227555666', '07700 900445', 'will.butcher@fuzzysheep.com');
INSERT INTO bohemia.studioinformation ("StudioInformationID", "Name", "Description", "Head_Of_Studio_Name", "Date_Acquired", "Address", "ContactNumber", "AlternativeNumber", "Email") VALUES ('2', 'Ego Applications', 'A software studio that became famous for Mood, the grandfather of First Person Shooter games, released in the 1990s.', 'Annie January', '5/1/22', '2 Central Avenue, London, W1 1CJ', '08006133589', '07700 900678', 'annie.january@egoapps.co.uk');
INSERT INTO bohemia.studioinformation ("StudioInformationID", "Name", "Description", "Head_Of_Studio_Name", "Date_Acquired", "Address", "ContactNumber", "AlternativeNumber", "Email") VALUES ('3', 'Dattebayo!', 'A UK based developer who focuses on translating and releasing Japanese anime-based video games for the western audience.', 'Ashleigh Cohen', '1/9/20', '192 Bridge Road, London, SE2 2PQ', '01614960267', '07700 900321', 'ashleigh.cohan@dattebayo.com');
INSERT INTO bohemia.studioinformation ("StudioInformationID", "Name", "Description", "Head_Of_Studio_Name", "Date_Acquired", "Address", "ContactNumber", "AlternativeNumber", "Email") VALUES ('4', 'DojoKun', 'Known for their creative sandbox games that use voxels instead of polygons with randomly generated environments.', 'Reggie Franklin', '12/6/21', '19 The Lanes, Portsmouth, PO1 1BA', '02011151612', '07700 900175', 'reggie.franklin@dojokun.net');
INSERT INTO bohemia.studioinformation ("StudioInformationID", "Name", "Description", "Head_Of_Studio_Name", "Date_Acquired", "Address", "ContactNumber", "AlternativeNumber", "Email") VALUES ('5', 'Big Zebra Solutions', 'Recently secured funding from Sony to create a AAA 3rd person adventure game. Their previous titles were minimalist art-as-games experiences.', 'Maggie Shaw', '5/24/19', '55 Barnham Road, Gilford, BT63 6QU', '01483960457', '07700 900667', 'maggie.shaw@bigzebrasolutions.com');
INSERT INTO bohemia.studioinformation ("StudioInformationID", "Name", "Description", "Head_Of_Studio_Name", "Date_Acquired", "Address", "ContactNumber", "AlternativeNumber", "Email") VALUES ('6', 'Unhinged', 'A small team who create games using assets from 3D model repositories. Unhinged concentrate mainly on games that make use of their in-house Eagle Engine.', 'Yasmin Singh', '3/27/15', 'Ela Mill, Cort St, Bury, BL9 7BW', '01614960928', '07700 900299', 'yasmin.singh@unhinged.co.uk');

INSERT INTO bohemia.studio ("StudioID", "StudioInformationID", "Platform") VALUES ('1', '1', 'Mobile');
INSERT INTO bohemia.studio ("StudioID", "StudioInformationID", "Platform") VALUES ('2', '2', 'PC');
INSERT INTO bohemia.studio ("StudioID", "StudioInformationID", "Platform") VALUES ('3', '3', 'Console');
INSERT INTO bohemia.studio ("StudioID", "StudioInformationID", "Platform") VALUES ('4', '4', 'PC');
INSERT INTO bohemia.studio ("StudioID", "StudioInformationID", "Platform") VALUES ('5', '5', 'Console');
INSERT INTO bohemia.studio ("StudioID", "StudioInformationID", "Platform") VALUES ('6', '6', 'PC');

INSERT INTO bohemia.project ("ProjectID", "Platform", "Name", "Description", "Genre", "Status") VALUES ('1', 'Mobile', 'Exploring Numbers with Shaun', 'Learn how to add, subtract and multiply with the help of a famous sheep.', 'Edutainment', 'In Development');
INSERT INTO bohemia.project ("ProjectID", "Platform", "Name", "Description", "Genre", "Status") VALUES ('2', 'Mobile', 'Learning Letters with Leo', 'Leo the lion helps your child with their phonics and pronunciations.', 'Edutainment', 'Development Cancelled');
INSERT INTO bohemia.project ("ProjectID", "Platform", "Name", "Description", "Genre", "Status") VALUES ('3', 'Mobile', 'Mathematics with Matilda', 'Use fun games with Matilda and learn multiplication and long division.', 'Edutainment', 'Published');
INSERT INTO bohemia.project ("ProjectID", "Platform", "Name", "Description", "Genre", "Status") VALUES ('4', 'Mobile', 'Drawing the Desert', 'Learn about the desert and how to draw one accurately.', 'Edutainment', 'Published');
INSERT INTO bohemia.project ("ProjectID", "Platform", "Name", "Description", "Genre", "Status") VALUES ('5', 'Mobile', 'All About Huskies with Loki', 'Huskies are the best dogs and Loki teaches you how to care for them in this game.', 'Edutainment', 'Published');
INSERT INTO bohemia.project ("ProjectID", "Platform", "Name", "Description", "Genre", "Status") VALUES ('6', 'Mobile', 'Sailing the Seven Seas', 'Sail the ocenas and seas with the whalers on the moon!', 'Edutainment', 'In Development');
INSERT INTO bohemia.project ("ProjectID", "Platform", "Name", "Description", "Genre", "Status") VALUES ('7', 'Mobile', 'Meeting Meerkats', 'Meerkats make learning how to make numerical comparisons fun.', 'Edutainment', 'Development Cancelled');
INSERT INTO bohemia.project ("ProjectID", "Platform", "Name", "Description", "Genre", "Status") VALUES ('8', 'Mobile', 'All About Cats with Rocket and Pepper', 'Includes 100 spot the difference challenges with cats Rocket and Pepper.', 'Edutainment', 'Pitching');
INSERT INTO bohemia.project ("ProjectID", "Platform", "Name", "Description", "Genre", "Status") VALUES ('9', 'PC', 'Mood', 'The original 1993 classic re-released for modern PCs.', 'First Person Shooter', 'Published');
INSERT INTO bohemia.project ("ProjectID", "Platform", "Name", "Description", "Genre", "Status") VALUES ('10', 'PC', 'Mood 2', 'Followup to the 1993 seminal classic, Mood.', 'First Person Shooter', 'Published');
INSERT INTO bohemia.project ("ProjectID", "Platform", "Name", "Description", "Genre", "Status") VALUES ('11', 'PC', 'Final Mood', 'A selection of fan-made levels released to celebrate the modding community.', 'First Person Shooter', 'Published');
INSERT INTO bohemia.project ("ProjectID", "Platform", "Name", "Description", "Genre", "Status") VALUES ('12', 'PC', 'Mood Etheral', 'An arcade FPS extraveganza re-envisioning of the original Mood for todays graphical hardware.', 'First Person Shooter', 'Development Cancelled');
INSERT INTO bohemia.project ("ProjectID", "Platform", "Name", "Description", "Genre", "Status") VALUES ('13', 'PC', 'Ragged', 'Experience an open-world post-apocalyptic world as a survivor of the apocalypse.', 'First Person Shooter', 'Published');
INSERT INTO bohemia.project ("ProjectID", "Platform", "Name", "Description", "Genre", "Status") VALUES ('14', 'PC', 'Ragged 2', 'Continues the story of our hero, fighting over the last remains of the global oil supply.', 'First Person Shooter', 'In Development');
INSERT INTO bohemia.project ("ProjectID", "Platform", "Name", "Description", "Genre", "Status") VALUES ('15', 'PC', 'Tsunami', 'Gothic architecture combines with sci-fi robotic stereotypes. Follow-up 3D masterpiece to Mood.', 'First Person Shooter', 'Published');
INSERT INTO bohemia.project ("ProjectID", "Platform", "Name", "Description", "Genre", "Status") VALUES ('16', 'PC', 'Tsunami Conflict', 'Asymmetric team based action set in the world of Tsumani.', 'First Person Shooter', 'Cancelled');
INSERT INTO bohemia.project ("ProjectID", "Platform", "Name", "Description", "Genre", "Status") VALUES ('17', 'Console', 'Starting Reality IV', 'The 2nd MMORPG created by Circle, translated and release for the UK audience', 'Japanese RPG', 'Pitching');
INSERT INTO bohemia.project ("ProjectID", "Platform", "Name", "Description", "Genre", "Status") VALUES ('18', 'Console', 'Stereotype 5', 'Latest game in the reality merging school-scenario demon hunting hit series.', 'Japanese RPG', 'Pitching');
INSERT INTO bohemia.project ("ProjectID", "Platform", "Name", "Description", "Genre", "Status") VALUES ('19', 'Console', 'Feng Shui Simulator', 'A unique take on gardening simuators with a JRPG twist.', 'Japanese RPG', 'Published');
INSERT INTO bohemia.project ("ProjectID", "Platform", "Name", "Description", "Genre", "Status") VALUES ('20', 'Console', 'Feng Shui Simulator: Shedded', 'An expansion pack that enables you to build your very own shed!', 'Japanese RPG', 'Published');
INSERT INTO bohemia.project ("ProjectID", "Platform", "Name", "Description", "Genre", "Status") VALUES ('21', 'Console', 'Feng Shui Simulator: Yasai', 'An expansion that provides 50 new vegitables to grow in your very own digital garden.', 'Japanese RPG', 'Cancelled');
INSERT INTO bohemia.project ("ProjectID", "Platform", "Name", "Description", "Genre", "Status") VALUES ('22', 'Console', 'Feng Shui Simulator: Garden Pests', 'An expansion pack that adds new game mechanics to protect your garden from birds, bunnies and blight.', 'Japanese RPG', 'In Development');
INSERT INTO bohemia.project ("ProjectID", "Platform", "Name", "Description", "Genre", "Status") VALUES ('23', 'Console', 'Origami Battler', 'Collect and raise your own creature, made from folded paper, and battle them with other folded paper monsters.', 'Japanese RPG', 'In Development');
INSERT INTO bohemia.project ("ProjectID", "Platform", "Name", "Description", "Genre", "Status") VALUES ('24', 'PC', 'Heap Destruction', 'Starting off with nothing, you use your tools to create… something. Then detroy it and start again! In 3D.', 'Sandbox', 'Published');
INSERT INTO bohemia.project ("ProjectID", "Platform", "Name", "Description", "Genre", "Status") VALUES ('25', 'PC', 'Speed of Sound', 'Build your own spaceship and travel the stars, finding new parts and enhancements.', 'Sandbox', 'Cancelled');
INSERT INTO bohemia.project ("ProjectID", "Platform", "Name", "Description", "Genre", "Status") VALUES ('26', 'PC', 'Earthendion', 'Starting off with nothing, you use your tools to create… something. Then destroy it and start again! In 2D.', 'Sandbox', 'Published');
INSERT INTO bohemia.project ("ProjectID", "Platform", "Name", "Description", "Genre", "Status") VALUES ('27', 'PC', 'Simons Sandbox', 'Originally a mod based on Valves Source Engine, Simons Sandbox is now a fully  standalone sandbox game.', 'Sandbox', 'In Development');
INSERT INTO bohemia.project ("ProjectID", "Platform", "Name", "Description", "Genre", "Status") VALUES ('28', 'Console', 'Ninjas Resolution', 'Jump into the past and experienced an alternative history through the eyes of your ninja ancestors.', '3rd Person Action Adventure', 'In Development');
INSERT INTO bohemia.project ("ProjectID", "Platform", "Name", "Description", "Genre", "Status") VALUES ('29', 'Console', 'Light Hearts', 'Battle through gothic environments, using tatics and strategies to defeat reanimated monsters.', '3rd Person Action Adventure', 'Published');
INSERT INTO bohemia.project ("ProjectID", "Platform", "Name", "Description", "Genre", "Status") VALUES ('30', 'Console', 'Quest', 'Travel through a desert landscape, solving puzzles as you progress.', '3rd Person Action Adventure', 'Published');
INSERT INTO bohemia.project ("ProjectID", "Platform", "Name", "Description", "Genre", "Status") VALUES ('31', 'Console', 'Marin: Peony of Light', 'Explore the land of Kyrule and defeat the evil Danon!', '3rd Person Action Adventure', 'Pitching');
INSERT INTO bohemia.project ("ProjectID", "Platform", "Name", "Description", "Genre", "Status") VALUES ('32', 'Console', 'Newborn Chalice', 'A brand new game Souls-like game. Story by the award winning author, R. G. G. Tinmann', '3rd Person Action Adventure', 'Pitching');
INSERT INTO bohemia.project ("ProjectID", "Platform", "Name", "Description", "Genre", "Status") VALUES ('33', 'Console', 'Quadroe', 'Abandoned child makes friends with a cat-like beast and escapes their captives.', '3rd Person Action Adventure', 'Development Paused');
INSERT INTO bohemia.project ("ProjectID", "Platform", "Name", "Description", "Genre", "Status") VALUES ('34', 'Console', 'Wars Star: Farmers Strike Back', 'Not too far in the future, not so far from here, farmers rise up against their oppressors!', '3rd Person Action Adventure', 'Cancelled');
INSERT INTO bohemia.project ("ProjectID", "Platform", "Name", "Description", "Genre", "Status") VALUES ('35', 'PC', 'Kangaroo Simulator', 'Run around in this sandbox game as a kangaroo, scoring points while causing mayhem.', 'Undefined', 'Published');
INSERT INTO bohemia.project ("ProjectID", "Platform", "Name", "Description", "Genre", "Status") VALUES ('36', 'PC', 'Recognised Players Wargrounds (RPWG)', '"A game that shot to fame by turning the concepts from the Japanese film ""Battle Royale"" into a teambased FPS."', 'Undefined', 'Published');
INSERT INTO bohemia.project ("ProjectID", "Platform", "Name", "Description", "Genre", "Status") VALUES ('37', 'PC', 'Lost in the Limbo of the Found', 'Find yourself lost in limbo, where different games come together to create a singular, copyright-infringing experience.', 'Undefined', 'Cancelled');
INSERT INTO bohemia.project ("ProjectID", "Platform", "Name", "Description", "Genre", "Status") VALUES ('38', 'PC', 'Hunt down the Leemar', 'A modification based on the radioactive first-person shooter, Full-Life', 'Undefined', 'Published');
INSERT INTO bohemia.project ("ProjectID", "Platform", "Name", "Description", "Genre", "Status") VALUES ('39', 'PC', 'Queen of Combatants XV', 'A 2D side-scrolling beat-em-up using the Beats of Rage engine.', 'Undefined', 'Published');
INSERT INTO bohemia.project ("ProjectID", "Platform", "Name", "Description", "Genre", "Status") VALUES ('40', 'PC', 'Running Osterich', 'Simple 2D auto-scrolling game that relies on a single button make th osterich jump and try to fly.', 'Undefined', 'Published');
INSERT INTO bohemia.project ("ProjectID", "Platform", "Name", "Description", "Genre", "Status") VALUES ('41', 'PC', 'Super Norman Cousins', 'A 2D side-scrolling platform game where mechanics jump on rodents and save their princess.', 'Undefined', 'In Development');
INSERT INTO bohemia.project ("ProjectID", "Platform", "Name", "Description", "Genre", "Status") VALUES ('42', 'PC', 'Workers on Strike', 'Two opposing teams of office workers battle it out on spreadsheets to see  who comes out as the winner!', 'Undefined', 'In Development');
INSERT INTO bohemia.project ("ProjectID", "Platform", "Name", "Description", "Genre", "Status") VALUES ('43', 'PC', 'Pizzeria-mole', 'Series of food-based minigames that can be played with upto 8 players.', 'Undefined', 'Pitching');
INSERT INTO bohemia.project ("ProjectID", "Platform", "Name", "Description", "Genre", "Status") VALUES ('44', 'PC', 'House of the Ned', 'Arcade-style lightgun game set within a mansion filled with monsters based on a certain Mr. Flanders.', 'Undefined', 'Pitching');
INSERT INTO bohemia.project ("ProjectID", "Platform", "Name", "Description", "Genre", "Status") VALUES ('45', 'PC', 'Pillowings', 'Flight simulator that sees the player attempt to fly a jetpack through hoops.', 'Undefined', 'Published');

INSERT INTO bohemia.studioassignment ("StudioAssignmentID", "StudioID", "ProjectID") VALUES ('1', '1', '1');
INSERT INTO bohemia.studioassignment ("StudioAssignmentID", "StudioID", "ProjectID") VALUES ('2', '1', '2');
INSERT INTO bohemia.studioassignment ("StudioAssignmentID", "StudioID", "ProjectID") VALUES ('3', '1', '3');
INSERT INTO bohemia.studioassignment ("StudioAssignmentID", "StudioID", "ProjectID") VALUES ('4', '1', '4');
INSERT INTO bohemia.studioassignment ("StudioAssignmentID", "StudioID", "ProjectID") VALUES ('5', '1', '5');
INSERT INTO bohemia.studioassignment ("StudioAssignmentID", "StudioID", "ProjectID") VALUES ('6', '1', '6');
INSERT INTO bohemia.studioassignment ("StudioAssignmentID", "StudioID", "ProjectID") VALUES ('7', '1', '7');
INSERT INTO bohemia.studioassignment ("StudioAssignmentID", "StudioID", "ProjectID") VALUES ('8', '1', '8');
INSERT INTO bohemia.studioassignment ("StudioAssignmentID", "StudioID", "ProjectID") VALUES ('9', '2', '9');
INSERT INTO bohemia.studioassignment ("StudioAssignmentID", "StudioID", "ProjectID") VALUES ('10', '2', '10');
INSERT INTO bohemia.studioassignment ("StudioAssignmentID", "StudioID", "ProjectID") VALUES ('11', '2', '11');
INSERT INTO bohemia.studioassignment ("StudioAssignmentID", "StudioID", "ProjectID") VALUES ('12', '2', '12');
INSERT INTO bohemia.studioassignment ("StudioAssignmentID", "StudioID", "ProjectID") VALUES ('13', '2', '13');
INSERT INTO bohemia.studioassignment ("StudioAssignmentID", "StudioID", "ProjectID") VALUES ('14', '2', '14');
INSERT INTO bohemia.studioassignment ("StudioAssignmentID", "StudioID", "ProjectID") VALUES ('15', '2', '15');
INSERT INTO bohemia.studioassignment ("StudioAssignmentID", "StudioID", "ProjectID") VALUES ('16', '2', '16');
INSERT INTO bohemia.studioassignment ("StudioAssignmentID", "StudioID", "ProjectID") VALUES ('17', '3', '17');
INSERT INTO bohemia.studioassignment ("StudioAssignmentID", "StudioID", "ProjectID") VALUES ('18', '3', '18');
INSERT INTO bohemia.studioassignment ("StudioAssignmentID", "StudioID", "ProjectID") VALUES ('19', '3', '19');
INSERT INTO bohemia.studioassignment ("StudioAssignmentID", "StudioID", "ProjectID") VALUES ('20', '3', '20');
INSERT INTO bohemia.studioassignment ("StudioAssignmentID", "StudioID", "ProjectID") VALUES ('21', '3', '21');
INSERT INTO bohemia.studioassignment ("StudioAssignmentID", "StudioID", "ProjectID") VALUES ('22', '3', '22');
INSERT INTO bohemia.studioassignment ("StudioAssignmentID", "StudioID", "ProjectID") VALUES ('23', '3', '23');
INSERT INTO bohemia.studioassignment ("StudioAssignmentID", "StudioID", "ProjectID") VALUES ('24', '4', '24');
INSERT INTO bohemia.studioassignment ("StudioAssignmentID", "StudioID", "ProjectID") VALUES ('25', '4', '25');
INSERT INTO bohemia.studioassignment ("StudioAssignmentID", "StudioID", "ProjectID") VALUES ('26', '4', '26');
INSERT INTO bohemia.studioassignment ("StudioAssignmentID", "StudioID", "ProjectID") VALUES ('27', '4', '27');
INSERT INTO bohemia.studioassignment ("StudioAssignmentID", "StudioID", "ProjectID") VALUES ('28', '5', '28');
INSERT INTO bohemia.studioassignment ("StudioAssignmentID", "StudioID", "ProjectID") VALUES ('29', '5', '29');
INSERT INTO bohemia.studioassignment ("StudioAssignmentID", "StudioID", "ProjectID") VALUES ('30', '5', '30');
INSERT INTO bohemia.studioassignment ("StudioAssignmentID", "StudioID", "ProjectID") VALUES ('31', '5', '31');
INSERT INTO bohemia.studioassignment ("StudioAssignmentID", "StudioID", "ProjectID") VALUES ('32', '5', '32');
INSERT INTO bohemia.studioassignment ("StudioAssignmentID", "StudioID", "ProjectID") VALUES ('33', '5', '33');
INSERT INTO bohemia.studioassignment ("StudioAssignmentID", "StudioID", "ProjectID") VALUES ('34', '5', '34');
INSERT INTO bohemia.studioassignment ("StudioAssignmentID", "StudioID", "ProjectID") VALUES ('35', '6', '35');
INSERT INTO bohemia.studioassignment ("StudioAssignmentID", "StudioID", "ProjectID") VALUES ('36', '6', '36');
INSERT INTO bohemia.studioassignment ("StudioAssignmentID", "StudioID", "ProjectID") VALUES ('37', '6', '37');
INSERT INTO bohemia.studioassignment ("StudioAssignmentID", "StudioID", "ProjectID") VALUES ('38', '6', '38');
INSERT INTO bohemia.studioassignment ("StudioAssignmentID", "StudioID", "ProjectID") VALUES ('39', '6', '39');
INSERT INTO bohemia.studioassignment ("StudioAssignmentID", "StudioID", "ProjectID") VALUES ('40', '6', '40');
INSERT INTO bohemia.studioassignment ("StudioAssignmentID", "StudioID", "ProjectID") VALUES ('41', '6', '41');
INSERT INTO bohemia.studioassignment ("StudioAssignmentID", "StudioID", "ProjectID") VALUES ('42', '6', '42');
INSERT INTO bohemia.studioassignment ("StudioAssignmentID", "StudioID", "ProjectID") VALUES ('43', '6', '43');
INSERT INTO bohemia.studioassignment ("StudioAssignmentID", "StudioID", "ProjectID") VALUES ('44', '6', '44');
INSERT INTO bohemia.studioassignment ("StudioAssignmentID", "StudioID", "ProjectID") VALUES ('45', '6', '45');

INSERT INTO bohemia.employeeinformation ("EmployeeInformationID", "RegionID", "FirstName", "Lastname", "UserName", "Email", "ContactNumber", "Postcode", "AddressLine1") VALUES ('1', '6', 'Jessi', 'Winstone', 'jwinstone0', 'JessiWinstone@fuzzysheep.com', '+447700900171', ' CT9 2ND', '31 Grange Road');
INSERT INTO bohemia.employeeinformation ("EmployeeInformationID", "RegionID", "FirstName", "Lastname", "UserName", "Email", "ContactNumber", "Postcode", "AddressLine1") VALUES ('2', '6', 'Gottfried', 'Dallon', 'gdallon1', 'GottfriedDallon@fuzzysheep.com', '+447700900543', 'CT13 0NF', '31 Park Lane');
INSERT INTO bohemia.employeeinformation ("EmployeeInformationID", "RegionID", "FirstName", "Lastname", "UserName", "Email", "ContactNumber", "Postcode", "AddressLine1") VALUES ('3', '6', 'Sally', 'Gentzsch', 'sgentzsch2', 'SallyGentzsch@fuzzysheep.com', '+447700900516', 'CT14 9DL', '80 North Street');
INSERT INTO bohemia.employeeinformation ("EmployeeInformationID", "RegionID", "FirstName", "Lastname", "UserName", "Email", "ContactNumber", "Postcode", "AddressLine1") VALUES ('4', '6', 'Lucio', 'Spiaggia', 'lspiaggia3', 'LucioSpiaggia@fuzzysheep.com', '+447700900243', ' CT13 0NU', '29 Mill Lane');
INSERT INTO bohemia.employeeinformation ("EmployeeInformationID", "RegionID", "FirstName", "Lastname", "UserName", "Email", "ContactNumber", "Postcode", "AddressLine1") VALUES ('5', '6', 'Lombard', 'Challener', 'lchallener4', 'LombardChallener@fuzzysheep.com', '+447700900449', 'CT6 5HH', '44 Richmond Road');
INSERT INTO bohemia.employeeinformation ("EmployeeInformationID", "RegionID", "FirstName", "Lastname", "UserName", "Email", "ContactNumber", "Postcode", "AddressLine1") VALUES ('6', '6', 'Ardyce', 'Hesey', 'ahesey5', 'ArdyceHesey@egoapps.co.uk', '+447700900017', 'CT11 9JW', '30 Queens Road');
INSERT INTO bohemia.employeeinformation ("EmployeeInformationID", "RegionID", "FirstName", "Lastname", "UserName", "Email", "ContactNumber", "Postcode", "AddressLine1") VALUES ('7', '6', 'Catha', 'Engall', 'cengall6', 'CathaEngall@egoapps.co.uk', '+447700900418', 'CT1 7RN', '50 Alexander Road');
INSERT INTO bohemia.employeeinformation ("EmployeeInformationID", "RegionID", "FirstName", "Lastname", "UserName", "Email", "ContactNumber", "Postcode", "AddressLine1") VALUES ('8', '6', 'Flori', 'O Molan', 'fomolan7', 'FloriOMolan@egoapps.co.uk', '+441632960854', ' CT1 5LD', '37 Station Road,');
INSERT INTO bohemia.employeeinformation ("EmployeeInformationID", "RegionID", "FirstName", "Lastname", "UserName", "Email", "ContactNumber", "Postcode", "AddressLine1") VALUES ('9', '6', 'Freddie', 'Huetson', 'fhuetson8', 'FreddieHuetson@egoapps.co.uk', '+447700900263', 'CT1 6AL', '30 Church Lane');
INSERT INTO bohemia.employeeinformation ("EmployeeInformationID", "RegionID", "FirstName", "Lastname", "UserName", "Email", "ContactNumber", "Postcode", "AddressLine1") VALUES ('10', '6', 'Dermot', 'Truss', 'dtruss9', 'DermotTruss@egoapps.co.uk', '+447700900125', 'CT2 8HN', '30 The Avenue');
INSERT INTO bohemia.employeeinformation ("EmployeeInformationID", "RegionID", "FirstName", "Lastname", "UserName", "Email", "ContactNumber", "Postcode", "AddressLine1") VALUES ('11', '6', 'Francoise', 'Rishbrook', 'frishbrooka', 'FrancoiseRishbrook@egoapps.co.uk', '+447700900787', 'CT5 1LH', '62 Stanley Road');
INSERT INTO bohemia.employeeinformation ("EmployeeInformationID", "RegionID", "FirstName", "Lastname", "UserName", "Email", "ContactNumber", "Postcode", "AddressLine1") VALUES ('12', '6', 'Giuditta', 'Cubbin', 'gcubbinb', 'GiudittaCubbin@egoapps.co.uk', '+441632960731', 'CT1 0PT', '15 High Street');
INSERT INTO bohemia.employeeinformation ("EmployeeInformationID", "RegionID", "FirstName", "Lastname", "UserName", "Email", "ContactNumber", "Postcode", "AddressLine1") VALUES ('13', '6', 'Rodie', 'Lukins', 'rlukinsc', 'RodieLukins@egoapps.co.uk', '+447700900879', 'CT2 8HF', '43 Manchester Road');
INSERT INTO bohemia.employeeinformation ("EmployeeInformationID", "RegionID", "FirstName", "Lastname", "UserName", "Email", "ContactNumber", "Postcode", "AddressLine1") VALUES ('14', '6', 'Harman', 'Berriball', 'hberriballd', 'HarmanBerriball@egoapps.co.uk', '+447700900535', ' CT5 1FT', '41 Main Street');
INSERT INTO bohemia.employeeinformation ("EmployeeInformationID", "RegionID", "FirstName", "Lastname", "UserName", "Email", "ContactNumber", "Postcode", "AddressLine1") VALUES ('15', '6', 'Halsy', 'Cubbino', 'hcubbinoe', 'HalsyCubbino@egoapps.co.uk', '+447700900571', 'CT5 2BA', '3 Chester Road');
INSERT INTO bohemia.employeeinformation ("EmployeeInformationID", "RegionID", "FirstName", "Lastname", "UserName", "Email", "ContactNumber", "Postcode", "AddressLine1") VALUES ('16', '6', 'Lazaro', 'Bougourd', 'lbougourdf', 'LazaroBougourd@egoapps.co.uk', '+447700900008', 'CT6 8TJ', '64 Park Avenue');
INSERT INTO bohemia.employeeinformation ("EmployeeInformationID", "RegionID", "FirstName", "Lastname", "UserName", "Email", "ContactNumber", "Postcode", "AddressLine1") VALUES ('17', '6', 'Tulley', 'Fearn', 'tfearng', 'TulleyFearn@egoapps.co.uk', '+447700900034', ' CT2 6BJ', '80 Park Road');
INSERT INTO bohemia.employeeinformation ("EmployeeInformationID", "RegionID", "FirstName", "Lastname", "UserName", "Email", "ContactNumber", "Postcode", "AddressLine1") VALUES ('18', '6', 'Stanfield', 'Gethen', 'sgethenh', 'StanfieldGethen@egoapps.co.uk', '+447700900312', 'CT1 6DR', '2 New Street');
INSERT INTO bohemia.employeeinformation ("EmployeeInformationID", "RegionID", "FirstName", "Lastname", "UserName", "Email", "ContactNumber", "Postcode", "AddressLine1") VALUES ('19', '6', 'Betta', 'Storre', 'bstorrei', 'BettaStorre@egoapps.co.uk', '+447700900446', 'CT1 9SD', '8 Kingsway');
INSERT INTO bohemia.employeeinformation ("EmployeeInformationID", "RegionID", "FirstName", "Lastname", "UserName", "Email", "ContactNumber", "Postcode", "AddressLine1") VALUES ('20', '6', 'Adrian', 'Cockson', 'acocksonj', 'AdrianCockson@dattebayo.com', '+447700900922', ' CT1 9XR', '57 Highfield Road');
INSERT INTO bohemia.employeeinformation ("EmployeeInformationID", "RegionID", "FirstName", "Lastname", "UserName", "Email", "ContactNumber", "Postcode", "AddressLine1") VALUES ('21', '6', 'Trixi', 'Ioselev', 'tioselevk', 'TrixiIoselev@dattebayo.com', '+447700900416', 'CT9 9TA', '52 The Crescent');
INSERT INTO bohemia.employeeinformation ("EmployeeInformationID", "RegionID", "FirstName", "Lastname", "UserName", "Email", "ContactNumber", "Postcode", "AddressLine1") VALUES ('22', '6', 'Hesther', 'Wimpey', 'hwimpeyl', 'HestherWimpey@dattebayo.com', '+441632960694', 'CT2 1EH', '55 George Street');
INSERT INTO bohemia.employeeinformation ("EmployeeInformationID", "RegionID", "FirstName", "Lastname", "UserName", "Email", "ContactNumber", "Postcode", "AddressLine1") VALUES ('23', '6', 'Dannel', 'Hollington', 'dhollingtonm', 'DannelHollington@dattebayo.com', '+447700900519', 'CT3 2HS', '2 Station Road');
INSERT INTO bohemia.employeeinformation ("EmployeeInformationID", "RegionID", "FirstName", "Lastname", "UserName", "Email", "ContactNumber", "Postcode", "AddressLine1") VALUES ('24', '6', 'Brendon', 'Adamsson', 'badamssonn', 'BrendonAdamsson@dattebayo.com', '+447700900702', 'CT1 0RW', '80 Mill Road');
INSERT INTO bohemia.employeeinformation ("EmployeeInformationID", "RegionID", "FirstName", "Lastname", "UserName", "Email", "ContactNumber", "Postcode", "AddressLine1") VALUES ('25', '6', 'Evanne', 'Scholig', 'escholigo', 'EvanneScholig@dattebayo.com', '+441632960826', 'CT1 0EN', '39 School Lane');
INSERT INTO bohemia.employeeinformation ("EmployeeInformationID", "RegionID", "FirstName", "Lastname", "UserName", "Email", "ContactNumber", "Postcode", "AddressLine1") VALUES ('26', '6', 'Byrom', 'Tassell', 'btassellp', 'ByromTassell@dattebayo.com', '+447700900050', 'CT8 8HT', '43 Windsor Road');
INSERT INTO bohemia.employeeinformation ("EmployeeInformationID", "RegionID", "FirstName", "Lastname", "UserName", "Email", "ContactNumber", "Postcode", "AddressLine1") VALUES ('27', '6', 'Felike', 'Malt', 'fmaltq', 'FelikeMalt@dattebayo.com', '+447700900203', ' CT1 7EA', '20 Church Lane');
INSERT INTO bohemia.employeeinformation ("EmployeeInformationID", "RegionID", "FirstName", "Lastname", "UserName", "Email", "ContactNumber", "Postcode", "AddressLine1") VALUES ('28', '6', 'Jenny', 'Major', 'jmajorr', 'JennyMajor@dattebayo.com', '+447700900347', 'CT1 6DF', '29 West Street');
INSERT INTO bohemia.employeeinformation ("EmployeeInformationID", "RegionID", "FirstName", "Lastname", "UserName", "Email", "ContactNumber", "Postcode", "AddressLine1") VALUES ('29', '2', 'Zebedee', 'Seyler', 'zseylers', 'ZebedeeSeyler@dattebayo.com', '+447700900172', 'CT3 1BJ', '2 Sweetlove Place');
INSERT INTO bohemia.employeeinformation ("EmployeeInformationID", "RegionID", "FirstName", "Lastname", "UserName", "Email", "ContactNumber", "Postcode", "AddressLine1") VALUES ('30', '3', 'Jacinthe', 'Oxshott', 'joxshottt', 'JacintheOxshott@dattebayo.com', '+447700900827', 'CT3 4LH', '1 Old Tree, Road');
INSERT INTO bohemia.employeeinformation ("EmployeeInformationID", "RegionID", "FirstName", "Lastname", "UserName", "Email", "ContactNumber", "Postcode", "AddressLine1") VALUES ('31', '4', 'Sheryl', 'Neve', 'sneveu', 'SherylNeve@dattebayo.com', '+447700900952', 'TN25 5DP', '131 Bridge Street');
INSERT INTO bohemia.employeeinformation ("EmployeeInformationID", "RegionID", "FirstName", "Lastname", "UserName", "Email", "ContactNumber", "Postcode", "AddressLine1") VALUES ('32', '7', 'Corrie', 'Michin', 'cmichinv', 'CorrieMichin@dattebayo.com', '+447700900283', 'TN24 9PQ', '4 Beatrice Hills Close');
INSERT INTO bohemia.employeeinformation ("EmployeeInformationID", "RegionID", "FirstName", "Lastname", "UserName", "Email", "ContactNumber", "Postcode", "AddressLine1") VALUES ('33', '7', 'Elbert', 'Tyhurst', 'etyhurstw', 'ElbertTyhurst@dattebayo.com', '+447700900692', 'TN24 9RB', '17 Frank Edinger Close');
INSERT INTO bohemia.employeeinformation ("EmployeeInformationID", "RegionID", "FirstName", "Lastname", "UserName", "Email", "ContactNumber", "Postcode", "AddressLine1") VALUES ('34', '5', 'Susannah', 'Mallindine', 'smallindinex', 'SusannahMallindine@dattebayo.com', '+447700900013', ' TN23 3FE', '10 Intelligence Walk');
INSERT INTO bohemia.employeeinformation ("EmployeeInformationID", "RegionID", "FirstName", "Lastname", "UserName", "Email", "ContactNumber", "Postcode", "AddressLine1") VALUES ('35', '5', 'Tabbi', 'Malinowski', 'tmalinowskiy', 'TabbiMalinowski@dojokun.net', '+447700900923', 'TN25 4GE', '8 Blossom Lane');
INSERT INTO bohemia.employeeinformation ("EmployeeInformationID", "RegionID", "FirstName", "Lastname", "UserName", "Email", "ContactNumber", "Postcode", "AddressLine1") VALUES ('36', '5', 'Phelia', 'Faustin', 'pfaustinz', 'PheliaFaustin@dojokun.net', '+447700900817', 'TN23 3JX', '1 Thornlea');
INSERT INTO bohemia.employeeinformation ("EmployeeInformationID", "RegionID", "FirstName", "Lastname", "UserName", "Email", "ContactNumber", "Postcode", "AddressLine1") VALUES ('37', '5', 'Raul', 'Hillock', 'rhillock10', 'RaulHillock@dojokun.net', '+441632960616', 'TN23 3LQ', '52 Springwood Drive');
INSERT INTO bohemia.employeeinformation ("EmployeeInformationID", "RegionID", "FirstName", "Lastname", "UserName", "Email", "ContactNumber", "Postcode", "AddressLine1") VALUES ('38', '6', 'Nannie', 'Loader', 'nloader11', 'NannieLoader@dojokun.net', '+447700900910', 'CT1 9AP', '67 Church Road');
INSERT INTO bohemia.employeeinformation ("EmployeeInformationID", "RegionID", "FirstName", "Lastname", "UserName", "Email", "ContactNumber", "Postcode", "AddressLine1") VALUES ('39', '6', 'Cornelle', 'Pouton', 'cpouton12', 'CornellePouton@dojokun.net', '+447700900580', 'CT1 9DU', '24 Springfield Road');
INSERT INTO bohemia.employeeinformation ("EmployeeInformationID", "RegionID", "FirstName", "Lastname", "UserName", "Email", "ContactNumber", "Postcode", "AddressLine1") VALUES ('40', '6', 'Ikey', 'Bowry', 'ibowry13', 'IkeyBowry@bigzebrasolutions.com', '+447700900604', 'CT2 4LF', '51 Manor Road');
INSERT INTO bohemia.employeeinformation ("EmployeeInformationID", "RegionID", "FirstName", "Lastname", "UserName", "Email", "ContactNumber", "Postcode", "AddressLine1") VALUES ('41', '6', 'Brook', 'Dunan', 'bdunan14', 'BrookDunan@bigzebrasolutions.com', '+441632960546', 'CT1 9TH', '66 School Lane');
INSERT INTO bohemia.employeeinformation ("EmployeeInformationID", "RegionID", "FirstName", "Lastname", "UserName", "Email", "ContactNumber", "Postcode", "AddressLine1") VALUES ('42', '6', 'Yalonda', 'Haswall', 'yhaswall15', 'YalondaHaswall@bigzebrasolutions.com', '+447700900544', ' CT1 1NU', '16 South Street');
INSERT INTO bohemia.employeeinformation ("EmployeeInformationID", "RegionID", "FirstName", "Lastname", "UserName", "Email", "ContactNumber", "Postcode", "AddressLine1") VALUES ('43', '6', 'Celina', 'Dulton', 'cdulton16', 'CelinaDulton@bigzebrasolutions.com', '+447700900341', 'CT1 1TZ', '52 London Road');
INSERT INTO bohemia.employeeinformation ("EmployeeInformationID", "RegionID", "FirstName", "Lastname", "UserName", "Email", "ContactNumber", "Postcode", "AddressLine1") VALUES ('44', '6', 'Valencia', 'Hadrill', 'vhadrill17', 'ValenciaHadrill@bigzebrasolutions.com', '+447700900408', 'CT1 1GF', '21 The Green');
INSERT INTO bohemia.employeeinformation ("EmployeeInformationID", "RegionID", "FirstName", "Lastname", "UserName", "Email", "ContactNumber", "Postcode", "AddressLine1") VALUES ('45', '2', 'Ashla', 'Godding', 'agodding18', 'AshlaGodding@unhinged.co.uk', '+447700900217', 'CT3 1DE', '105 High Street');
INSERT INTO bohemia.employeeinformation ("EmployeeInformationID", "RegionID", "FirstName", "Lastname", "UserName", "Email", "ContactNumber", "Postcode", "AddressLine1") VALUES ('46', '6', 'Rikki', 'Tidmarsh', 'rtidmarsh19', 'RikkiTidmarsh@unhinged.co.uk', '+447700900113', 'CT1 7JE', '78 The Crescent');
INSERT INTO bohemia.employeeinformation ("EmployeeInformationID", "RegionID", "FirstName", "Lastname", "UserName", "Email", "ContactNumber", "Postcode", "AddressLine1") VALUES ('47', '6', 'Bobbie', 'Edlyn', 'bedlyn1a', 'BobbieEdlyn@unhinged.co.uk', '+447700900351', 'CT2 6DP', '8 York Road');
INSERT INTO bohemia.employeeinformation ("EmployeeInformationID", "RegionID", "FirstName", "Lastname", "UserName", "Email", "ContactNumber", "Postcode", "AddressLine1") VALUES ('48', '6', 'Luci', 'Cometson', 'lcometson1b', 'LuciCometson@unhinged.co.uk', '+441632960779', 'CT3 1TL', '44 St. John’s Road');
INSERT INTO bohemia.employeeinformation ("EmployeeInformationID", "RegionID", "FirstName", "Lastname", "UserName", "Email", "ContactNumber", "Postcode", "AddressLine1") VALUES ('49', '6', 'Elana', 'Flipek', 'eflipek1c', 'ElanaFlipek@unhinged.co.uk', '+447700900170', 'CT2 7QR', '17 Kingsway');
INSERT INTO bohemia.employeeinformation ("EmployeeInformationID", "RegionID", "FirstName", "Lastname", "UserName", "Email", "ContactNumber", "Postcode", "AddressLine1") VALUES ('50', '6', 'Leola', 'Spall', 'lspall6v', 'LeolaSpall@unhinged.co.uk', '+447700900693', 'CT1 6JR', '25 West Street');

INSERT INTO bohemia.employee ("EmployeeID", "EmployeeInfoID", "CurrentProjectID", "DateOfEmployment", "Status", "TerminationDate", "Title") VALUES ('1', '1', '1', '9/8/20', 'Employed', null, 'Games Design');
INSERT INTO bohemia.employee ("EmployeeID", "EmployeeInfoID", "CurrentProjectID", "DateOfEmployment", "Status", "TerminationDate", "Title") VALUES ('2', '2', '1', '10/18/12', 'Employed', null, 'Software Developer');
INSERT INTO bohemia.employee ("EmployeeID", "EmployeeInfoID", "CurrentProjectID", "DateOfEmployment", "Status", "TerminationDate", "Title") VALUES ('3', '3', '8', '9/3/08', 'Employed', null, 'Producer');
INSERT INTO bohemia.employee ("EmployeeID", "EmployeeInfoID", "CurrentProjectID", "DateOfEmployment", "Status", "TerminationDate", "Title") VALUES ('4', '4', '8', '9/20/21', 'Employed', null, 'Sound Engineer');
INSERT INTO bohemia.employee ("EmployeeID", "EmployeeInfoID", "CurrentProjectID", "DateOfEmployment", "Status", "TerminationDate", "Title") VALUES ('5', '5', null, '8/26/21', 'Redundant', '4/5/22', null);
INSERT INTO bohemia.employee ("EmployeeID", "EmployeeInfoID", "CurrentProjectID", "DateOfEmployment", "Status", "TerminationDate", "Title") VALUES ('6', '6', '14', '9/18/99', 'Employed', null, 'Games Design');
INSERT INTO bohemia.employee ("EmployeeID", "EmployeeInfoID", "CurrentProjectID", "DateOfEmployment", "Status", "TerminationDate", "Title") VALUES ('7', '7', '14', '8/26/00', 'Employed', null, 'Level Design');
INSERT INTO bohemia.employee ("EmployeeID", "EmployeeInfoID", "CurrentProjectID", "DateOfEmployment", "Status", "TerminationDate", "Title") VALUES ('8', '8', '14', '10/21/99', 'Employed', null, 'Systems Design');
INSERT INTO bohemia.employee ("EmployeeID", "EmployeeInfoID", "CurrentProjectID", "DateOfEmployment", "Status", "TerminationDate", "Title") VALUES ('9', '9', '14', '10/9/00', 'Employed', null, 'Producer');
INSERT INTO bohemia.employee ("EmployeeID", "EmployeeInfoID", "CurrentProjectID", "DateOfEmployment", "Status", "TerminationDate", "Title") VALUES ('10', '10', '14', '9/24/98', 'Employed', null, 'Assistant Producer');
INSERT INTO bohemia.employee ("EmployeeID", "EmployeeInfoID", "CurrentProjectID", "DateOfEmployment", "Status", "TerminationDate", "Title") VALUES ('11', '11', '14', '10/3/12', 'Employed', null, 'Software Developer');
INSERT INTO bohemia.employee ("EmployeeID", "EmployeeInfoID", "CurrentProjectID", "DateOfEmployment", "Status", "TerminationDate", "Title") VALUES ('12', '12', '14', '10/19/21', 'Employed', null, 'Quality and Assurance');
INSERT INTO bohemia.employee ("EmployeeID", "EmployeeInfoID", "CurrentProjectID", "DateOfEmployment", "Status", "TerminationDate", "Title") VALUES ('13', '13', '14', '9/20/21', 'Employed', null, 'Games Design');
INSERT INTO bohemia.employee ("EmployeeID", "EmployeeInfoID", "CurrentProjectID", "DateOfEmployment", "Status", "TerminationDate", "Title") VALUES ('14', '14', '14', '8/25/21', 'Employed', null, 'Sound Engineer');
INSERT INTO bohemia.employee ("EmployeeID", "EmployeeInfoID", "CurrentProjectID", "DateOfEmployment", "Status", "TerminationDate", "Title") VALUES ('15', '15', '14', '8/22/19', 'Employed', null, 'Software Developer');
INSERT INTO bohemia.employee ("EmployeeID", "EmployeeInfoID", "CurrentProjectID", "DateOfEmployment", "Status", "TerminationDate", "Title") VALUES ('16', '16', '14', '8/24/15', 'Employed', null, 'Quality and Assurance');
INSERT INTO bohemia.employee ("EmployeeID", "EmployeeInfoID", "CurrentProjectID", "DateOfEmployment", "Status", "TerminationDate", "Title") VALUES ('17', '17', null, '9/27/15', 'Resigned', '9/1/22', null);
INSERT INTO bohemia.employee ("EmployeeID", "EmployeeInfoID", "CurrentProjectID", "DateOfEmployment", "Status", "TerminationDate", "Title") VALUES ('18', '18', null, '10/11/10', 'Resigned', '9/1/22', null);
INSERT INTO bohemia.employee ("EmployeeID", "EmployeeInfoID", "CurrentProjectID", "DateOfEmployment", "Status", "TerminationDate", "Title") VALUES ('19', '19', null, '9/28/20', 'Resigned', '9/5/22', null);
INSERT INTO bohemia.employee ("EmployeeID", "EmployeeInfoID", "CurrentProjectID", "DateOfEmployment", "Status", "TerminationDate", "Title") VALUES ('20', '20', '17', '8/25/21', 'Employed', null, 'Sound Engineer');
INSERT INTO bohemia.employee ("EmployeeID", "EmployeeInfoID", "CurrentProjectID", "DateOfEmployment", "Status", "TerminationDate", "Title") VALUES ('21', '21', '17', '9/9/01', 'Employed', null, 'Quality and Assurance');
INSERT INTO bohemia.employee ("EmployeeID", "EmployeeInfoID", "CurrentProjectID", "DateOfEmployment", "Status", "TerminationDate", "Title") VALUES ('22', '22', '17', '8/25/07', 'Employed', null, 'Quality and Assurance');
INSERT INTO bohemia.employee ("EmployeeID", "EmployeeInfoID", "CurrentProjectID", "DateOfEmployment", "Status", "TerminationDate", "Title") VALUES ('23', '23', '17', '10/14/20', 'Employed', null, 'Games Design');
INSERT INTO bohemia.employee ("EmployeeID", "EmployeeInfoID", "CurrentProjectID", "DateOfEmployment", "Status", "TerminationDate", "Title") VALUES ('24', '24', null, '10/20/20', 'Resigned', '11/13/21', null);
INSERT INTO bohemia.employee ("EmployeeID", "EmployeeInfoID", "CurrentProjectID", "DateOfEmployment", "Status", "TerminationDate", "Title") VALUES ('25', '25', '18', '8/21/21', 'Employed', null, 'Producer');
INSERT INTO bohemia.employee ("EmployeeID", "EmployeeInfoID", "CurrentProjectID", "DateOfEmployment", "Status", "TerminationDate", "Title") VALUES ('26', '26', '18', '10/26/21', 'Employed', null, 'Assistant Producer');
INSERT INTO bohemia.employee ("EmployeeID", "EmployeeInfoID", "CurrentProjectID", "DateOfEmployment", "Status", "TerminationDate", "Title") VALUES ('27', '27', '18', '9/20/16', 'Employed', null, 'Systems Design');
INSERT INTO bohemia.employee ("EmployeeID", "EmployeeInfoID", "CurrentProjectID", "DateOfEmployment", "Status", "TerminationDate", "Title") VALUES ('28', '28', '18', '9/19/16', 'Employed', null, 'Software Developer');
INSERT INTO bohemia.employee ("EmployeeID", "EmployeeInfoID", "CurrentProjectID", "DateOfEmployment", "Status", "TerminationDate", "Title") VALUES ('29', '29', '22', '9/19/16', 'Employed', null, 'Software Developer');
INSERT INTO bohemia.employee ("EmployeeID", "EmployeeInfoID", "CurrentProjectID", "DateOfEmployment", "Status", "TerminationDate", "Title") VALUES ('30', '30', '22', '10/14/19', 'Employed', null, 'Software Developer');
INSERT INTO bohemia.employee ("EmployeeID", "EmployeeInfoID", "CurrentProjectID", "DateOfEmployment", "Status", "TerminationDate", "Title") VALUES ('31', '31', '23', '8/25/19', 'Employed', null, 'Games Design');
INSERT INTO bohemia.employee ("EmployeeID", "EmployeeInfoID", "CurrentProjectID", "DateOfEmployment", "Status", "TerminationDate", "Title") VALUES ('32', '32', '23', '10/12/20', 'Employed', null, 'Producer');
INSERT INTO bohemia.employee ("EmployeeID", "EmployeeInfoID", "CurrentProjectID", "DateOfEmployment", "Status", "TerminationDate", "Title") VALUES ('33', '33', '23', '9/2/21', 'Employed', null, 'Quality and Assurance');
INSERT INTO bohemia.employee ("EmployeeID", "EmployeeInfoID", "CurrentProjectID", "DateOfEmployment", "Status", "TerminationDate", "Title") VALUES ('34', '34', null, '8/28/15', 'Resigned', '5/30/22', null);
INSERT INTO bohemia.employee ("EmployeeID", "EmployeeInfoID", "CurrentProjectID", "DateOfEmployment", "Status", "TerminationDate", "Title") VALUES ('35', '35', '27', '10/18/20', 'Employed', null, 'Games Design');
INSERT INTO bohemia.employee ("EmployeeID", "EmployeeInfoID", "CurrentProjectID", "DateOfEmployment", "Status", "TerminationDate", "Title") VALUES ('36', '36', '27', '10/19/20', 'Employed', null, 'Sound Engineer');
INSERT INTO bohemia.employee ("EmployeeID", "EmployeeInfoID", "CurrentProjectID", "DateOfEmployment", "Status", "TerminationDate", "Title") VALUES ('37', '37', '27', '10/6/21', 'Employed', null, 'Producer');
INSERT INTO bohemia.employee ("EmployeeID", "EmployeeInfoID", "CurrentProjectID", "DateOfEmployment", "Status", "TerminationDate", "Title") VALUES ('38', '38', '27', '10/9/21', 'Employed', null, 'Software Developer');
INSERT INTO bohemia.employee ("EmployeeID", "EmployeeInfoID", "CurrentProjectID", "DateOfEmployment", "Status", "TerminationDate", "Title") VALUES ('39', '39', null, '9/12/11', 'Retired', '6/30/22', 'Software Developer');
INSERT INTO bohemia.employee ("EmployeeID", "EmployeeInfoID", "CurrentProjectID", "DateOfEmployment", "Status", "TerminationDate", "Title") VALUES ('40', '40', '28', '10/14/15', 'Employed', null, 'Producer');
INSERT INTO bohemia.employee ("EmployeeID", "EmployeeInfoID", "CurrentProjectID", "DateOfEmployment", "Status", "TerminationDate", "Title") VALUES ('41', '41', '31', '10/31/15', 'Employed', null, 'Assistant Producer');
INSERT INTO bohemia.employee ("EmployeeID", "EmployeeInfoID", "CurrentProjectID", "DateOfEmployment", "Status", "TerminationDate", "Title") VALUES ('42', '42', '32', '10/9/15', 'Employed', null, 'Games Design');
INSERT INTO bohemia.employee ("EmployeeID", "EmployeeInfoID", "CurrentProjectID", "DateOfEmployment", "Status", "TerminationDate", "Title") VALUES ('43', '43', null, '9/18/18', 'Employed', null, 'Systems Design');
INSERT INTO bohemia.employee ("EmployeeID", "EmployeeInfoID", "CurrentProjectID", "DateOfEmployment", "Status", "TerminationDate", "Title") VALUES ('44', '44', '31', '8/27/21', 'Employed', null, 'Sound Engineer');
INSERT INTO bohemia.employee ("EmployeeID", "EmployeeInfoID", "CurrentProjectID", "DateOfEmployment", "Status", "TerminationDate", "Title") VALUES ('45', '45', '41', '10/12/07', 'Employed', null, 'Games Design');
INSERT INTO bohemia.employee ("EmployeeID", "EmployeeInfoID", "CurrentProjectID", "DateOfEmployment", "Status", "TerminationDate", "Title") VALUES ('46', '46', '42', '10/9/21', 'Employed', null, 'Games Design');
INSERT INTO bohemia.employee ("EmployeeID", "EmployeeInfoID", "CurrentProjectID", "DateOfEmployment", "Status", "TerminationDate", "Title") VALUES ('47', '47', '43', '9/8/10', 'Employed', null, 'Games Design');
INSERT INTO bohemia.employee ("EmployeeID", "EmployeeInfoID", "CurrentProjectID", "DateOfEmployment", "Status", "TerminationDate", "Title") VALUES ('48', '48', '44', '10/7/11', 'Employed', null, 'Software Developer');
INSERT INTO bohemia.employee ("EmployeeID", "EmployeeInfoID", "CurrentProjectID", "DateOfEmployment", "Status", "TerminationDate", "Title") VALUES ('49', '49', '41', '9/5/11', 'Employed', null, 'Producer');
INSERT INTO bohemia.employee ("EmployeeID", "EmployeeInfoID", "CurrentProjectID", "DateOfEmployment", "Status", "TerminationDate", "Title") VALUES ('50', '50', '42', '8/22/14', 'Employed', null, 'Quality and Assurance');

INSERT INTO bohemia.contract ("ContractID", "StudioID", "EmployeeID", "ContractType", "StartDate", "EndDate", "Duration", "Salary", "CurrentStudioID") VALUES ('1', '1', '1', 'Full Time', '9/8/20', null, 'permanent', '15000', '1');
INSERT INTO bohemia.contract ("ContractID", "StudioID", "EmployeeID", "ContractType", "StartDate", "EndDate", "Duration", "Salary", "CurrentStudioID") VALUES ('2', '1', '2', 'Full Time', '10/18/12', null, 'permanent', '32500', '1');
INSERT INTO bohemia.contract ("ContractID", "StudioID", "EmployeeID", "ContractType", "StartDate", "EndDate", "Duration", "Salary", "CurrentStudioID") VALUES ('3', '1', '3', 'Full Time', '9/3/08', null, 'permanent', '15000', '1');
INSERT INTO bohemia.contract ("ContractID", "StudioID", "EmployeeID", "ContractType", "StartDate", "EndDate", "Duration", "Salary", "CurrentStudioID") VALUES ('4', '1', '4', 'Full Time', '9/20/21', null, 'permanent', '27500', '1');
INSERT INTO bohemia.contract ("ContractID", "StudioID", "EmployeeID", "ContractType", "StartDate", "EndDate", "Duration", "Salary", "CurrentStudioID") VALUES ('5', '1', '5', 'Full Time', '8/26/21', '4/5/22', 'permanent', '50000', null);
INSERT INTO bohemia.contract ("ContractID", "StudioID", "EmployeeID", "ContractType", "StartDate", "EndDate", "Duration", "Salary", "CurrentStudioID") VALUES ('6', '2', '6', 'Full Time', '9/18/22', null, 'permanent', '41750', '2');
INSERT INTO bohemia.contract ("ContractID", "StudioID", "EmployeeID", "ContractType", "StartDate", "EndDate", "Duration", "Salary", "CurrentStudioID") VALUES ('7', '2', '7', 'Full Time', '8/26/00', null, 'permanent', '15000', '2');
INSERT INTO bohemia.contract ("ContractID", "StudioID", "EmployeeID", "ContractType", "StartDate", "EndDate", "Duration", "Salary", "CurrentStudioID") VALUES ('8', '2', '8', 'Full Time', '10/21/99', null, 'permanent', '32500', '2');
INSERT INTO bohemia.contract ("ContractID", "StudioID", "EmployeeID", "ContractType", "StartDate", "EndDate", "Duration", "Salary", "CurrentStudioID") VALUES ('9', '2', '9', 'Full Time', '10/9/00', null, 'permanent', '41750', '2');
INSERT INTO bohemia.contract ("ContractID", "StudioID", "EmployeeID", "ContractType", "StartDate", "EndDate", "Duration", "Salary", "CurrentStudioID") VALUES ('10', '2', '10', 'Full Time', '9/24/22', null, 'permanent', '15000', '2');
INSERT INTO bohemia.contract ("ContractID", "StudioID", "EmployeeID", "ContractType", "StartDate", "EndDate", "Duration", "Salary", "CurrentStudioID") VALUES ('11', '2', '11', 'Full Time', '10/3/12', null, 'permanent', '50000', '2');
INSERT INTO bohemia.contract ("ContractID", "StudioID", "EmployeeID", "ContractType", "StartDate", "EndDate", "Duration", "Salary", "CurrentStudioID") VALUES ('12', '2', '12', 'Full Time', '10/19/21', null, 'permanent', '27500', '2');
INSERT INTO bohemia.contract ("ContractID", "StudioID", "EmployeeID", "ContractType", "StartDate", "EndDate", "Duration", "Salary", "CurrentStudioID") VALUES ('13', '2', '13', 'Full Time', '9/20/21', null, 'permanent', '32500', '2');
INSERT INTO bohemia.contract ("ContractID", "StudioID", "EmployeeID", "ContractType", "StartDate", "EndDate", "Duration", "Salary", "CurrentStudioID") VALUES ('14', '2', '14', 'Full Time', '8/25/21', null, 'permanent', '15000', '2');
INSERT INTO bohemia.contract ("ContractID", "StudioID", "EmployeeID", "ContractType", "StartDate", "EndDate", "Duration", "Salary", "CurrentStudioID") VALUES ('15', '2', '15', 'Full Time', '8/22/19', null, 'permanent', '32500', '2');
INSERT INTO bohemia.contract ("ContractID", "StudioID", "EmployeeID", "ContractType", "StartDate", "EndDate", "Duration", "Salary", "CurrentStudioID") VALUES ('16', '2', '16', 'Full Time', '8/24/15', null, 'permanent', '27500', '2');
INSERT INTO bohemia.contract ("ContractID", "StudioID", "EmployeeID", "ContractType", "StartDate", "EndDate", "Duration", "Salary", "CurrentStudioID") VALUES ('17', '2', '17', 'Full Time', '9/27/15', '9/1/22', 'permanent', '41750', null);
INSERT INTO bohemia.contract ("ContractID", "StudioID", "EmployeeID", "ContractType", "StartDate", "EndDate", "Duration", "Salary", "CurrentStudioID") VALUES ('18', '2', '18', 'Full Time', '10/11/10', '9/1/22', 'permanent', '50000', null);
INSERT INTO bohemia.contract ("ContractID", "StudioID", "EmployeeID", "ContractType", "StartDate", "EndDate", "Duration", "Salary", "CurrentStudioID") VALUES ('19', '2', '19', 'Full Time', '9/28/20', '9/5/22', 'permanent', '15000', null);
INSERT INTO bohemia.contract ("ContractID", "StudioID", "EmployeeID", "ContractType", "StartDate", "EndDate", "Duration", "Salary", "CurrentStudioID") VALUES ('20', '3', '20', 'Full Time', '8/25/21', null, 'permanent', '41750', '3');
INSERT INTO bohemia.contract ("ContractID", "StudioID", "EmployeeID", "ContractType", "StartDate", "EndDate", "Duration", "Salary", "CurrentStudioID") VALUES ('21', '3', '21', 'Full Time', '9/9/01', null, 'permanent', '50000', '3');
INSERT INTO bohemia.contract ("ContractID", "StudioID", "EmployeeID", "ContractType", "StartDate", "EndDate", "Duration", "Salary", "CurrentStudioID") VALUES ('22', '3', '22', 'Full Time', '8/25/07', null, 'permanent', '27500', '3');
INSERT INTO bohemia.contract ("ContractID", "StudioID", "EmployeeID", "ContractType", "StartDate", "EndDate", "Duration", "Salary", "CurrentStudioID") VALUES ('23', '3', '23', 'Full Time', '10/14/20', null, 'permanent', '32500', '3');
INSERT INTO bohemia.contract ("ContractID", "StudioID", "EmployeeID", "ContractType", "StartDate", "EndDate", "Duration", "Salary", "CurrentStudioID") VALUES ('24', '3', '24', 'Full Time', '10/20/20', '11/13/21', 'permanent', '41750', null);
INSERT INTO bohemia.contract ("ContractID", "StudioID", "EmployeeID", "ContractType", "StartDate", "EndDate", "Duration", "Salary", "CurrentStudioID") VALUES ('25', '3', '25', 'Full Time', '8/21/21', null, 'permanent', '32500', '3');
INSERT INTO bohemia.contract ("ContractID", "StudioID", "EmployeeID", "ContractType", "StartDate", "EndDate", "Duration", "Salary", "CurrentStudioID") VALUES ('26', '3', '26', 'Part Time', '10/26/22', null, 'permanent', '32500', '3');
INSERT INTO bohemia.contract ("ContractID", "StudioID", "EmployeeID", "ContractType", "StartDate", "EndDate", "Duration", "Salary", "CurrentStudioID") VALUES ('27', '3', '27', 'Part Time', '9/20/16', null, 'permanent', '15000', '3');
INSERT INTO bohemia.contract ("ContractID", "StudioID", "EmployeeID", "ContractType", "StartDate", "EndDate", "Duration", "Salary", "CurrentStudioID") VALUES ('28', '3', '28', 'Part Time', '9/19/16', null, 'permanent', '50000', '3');
INSERT INTO bohemia.contract ("ContractID", "StudioID", "EmployeeID", "ContractType", "StartDate", "EndDate", "Duration", "Salary", "CurrentStudioID") VALUES ('29', '3', '29', 'Part Time', '9/19/16', null, 'permanent', '32500', '3');
INSERT INTO bohemia.contract ("ContractID", "StudioID", "EmployeeID", "ContractType", "StartDate", "EndDate", "Duration", "Salary", "CurrentStudioID") VALUES ('30', '3', '30', 'Part Time', '10/14/19', null, 'permanent', '32500', '3');
INSERT INTO bohemia.contract ("ContractID", "StudioID", "EmployeeID", "ContractType", "StartDate", "EndDate", "Duration", "Salary", "CurrentStudioID") VALUES ('31', '3', '31', 'Part Time', '8/25/19', null, 'permanent', '32500', '3');
INSERT INTO bohemia.contract ("ContractID", "StudioID", "EmployeeID", "ContractType", "StartDate", "EndDate", "Duration", "Salary", "CurrentStudioID") VALUES ('32', '3', '32', 'Part Time', '10/12/20', null, 'permanent', '41750', '3');
INSERT INTO bohemia.contract ("ContractID", "StudioID", "EmployeeID", "ContractType", "StartDate", "EndDate", "Duration", "Salary", "CurrentStudioID") VALUES ('33', '3', '33', 'Part Time', '9/2/21', null, 'permanent', '15000', '3');
INSERT INTO bohemia.contract ("ContractID", "StudioID", "EmployeeID", "ContractType", "StartDate", "EndDate", "Duration", "Salary", "CurrentStudioID") VALUES ('34', '3', '34', 'Part Time', '8/28/15', '5/30/22', 'permanent', '50000', null);
INSERT INTO bohemia.contract ("ContractID", "StudioID", "EmployeeID", "ContractType", "StartDate", "EndDate", "Duration", "Salary", "CurrentStudioID") VALUES ('35', '4', '35', 'Part Time', '10/18/20', null, 'permanent', '41750', '4');
INSERT INTO bohemia.contract ("ContractID", "StudioID", "EmployeeID", "ContractType", "StartDate", "EndDate", "Duration", "Salary", "CurrentStudioID") VALUES ('36', '4', '36', 'Part Time', '10/19/20', null, 'permanent', '32500', '4');
INSERT INTO bohemia.contract ("ContractID", "StudioID", "EmployeeID", "ContractType", "StartDate", "EndDate", "Duration", "Salary", "CurrentStudioID") VALUES ('37', '4', '37', 'Part Time', '10/6/21', null, 'permanent', '15000', '4');
INSERT INTO bohemia.contract ("ContractID", "StudioID", "EmployeeID", "ContractType", "StartDate", "EndDate", "Duration", "Salary", "CurrentStudioID") VALUES ('38', '4', '38', 'Part Time', '10/9/21', null, 'permanent', '41750', '4');
INSERT INTO bohemia.contract ("ContractID", "StudioID", "EmployeeID", "ContractType", "StartDate", "EndDate", "Duration", "Salary", "CurrentStudioID") VALUES ('39', '4', '39', 'Part Time', '9/12/11', '6/30/22', 'permanent', '50000', null);
INSERT INTO bohemia.contract ("ContractID", "StudioID", "EmployeeID", "ContractType", "StartDate", "EndDate", "Duration", "Salary", "CurrentStudioID") VALUES ('40', '5', '40', 'Part Time', '10/14/15', null, 'permanent', '15000', '5');
INSERT INTO bohemia.contract ("ContractID", "StudioID", "EmployeeID", "ContractType", "StartDate", "EndDate", "Duration", "Salary", "CurrentStudioID") VALUES ('41', '5', '41', 'Part Time', '10/31/15', null, 'permanent', '27500', '5');
INSERT INTO bohemia.contract ("ContractID", "StudioID", "EmployeeID", "ContractType", "StartDate", "EndDate", "Duration", "Salary", "CurrentStudioID") VALUES ('42', '5', '42', 'Part Time', '10/9/15', null, 'permanent', '32500', '5');
INSERT INTO bohemia.contract ("ContractID", "StudioID", "EmployeeID", "ContractType", "StartDate", "EndDate", "Duration", "Salary", "CurrentStudioID") VALUES ('43', '5', '43', 'Part Time', '9/18/22', null, 'permanent', '41750', '5');
INSERT INTO bohemia.contract ("ContractID", "StudioID", "EmployeeID", "ContractType", "StartDate", "EndDate", "Duration", "Salary", "CurrentStudioID") VALUES ('44', '5', '44', 'Part Time', '8/27/21', null, 'permanent', '50000', '5');
INSERT INTO bohemia.contract ("ContractID", "StudioID", "EmployeeID", "ContractType", "StartDate", "EndDate", "Duration", "Salary", "CurrentStudioID") VALUES ('45', '6', '45', 'Part Time', '10/12/07', null, 'permanent', '15000', '6');
INSERT INTO bohemia.contract ("ContractID", "StudioID", "EmployeeID", "ContractType", "StartDate", "EndDate", "Duration", "Salary", "CurrentStudioID") VALUES ('46', '6', '46', 'Part Time', '10/9/21', null, 'permanent', '32500', '6');
INSERT INTO bohemia.contract ("ContractID", "StudioID", "EmployeeID", "ContractType", "StartDate", "EndDate", "Duration", "Salary", "CurrentStudioID") VALUES ('47', '6', '47', 'Part Time', '9/8/10', null, 'permanent', '41750', '6');
INSERT INTO bohemia.contract ("ContractID", "StudioID", "EmployeeID", "ContractType", "StartDate", "EndDate", "Duration", "Salary", "CurrentStudioID") VALUES ('48', '6', '48', 'Part Time', '10/7/11', null, 'permanent', '32500', '6');
INSERT INTO bohemia.contract ("ContractID", "StudioID", "EmployeeID", "ContractType", "StartDate", "EndDate", "Duration", "Salary", "CurrentStudioID") VALUES ('49', '6', '49', 'Part Time', '9/5/11', null, 'permanent', '15000', '6');
INSERT INTO bohemia.contract ("ContractID", "StudioID", "EmployeeID", "ContractType", "StartDate", "EndDate", "Duration", "Salary", "CurrentStudioID") VALUES ('50', '6', '50', 'Part Time', '8/22/22', null, 'permanent', '27500', '6');

INSERT INTO bohemia.pastproject ("PastProjectID", "EmployeeID", "ProjectID") VALUES ('1', '1', '2');
INSERT INTO bohemia.pastproject ("PastProjectID", "EmployeeID", "ProjectID") VALUES ('2', '1', '3');
INSERT INTO bohemia.pastproject ("PastProjectID", "EmployeeID", "ProjectID") VALUES ('3', '1', '7');
INSERT INTO bohemia.pastproject ("PastProjectID", "EmployeeID", "ProjectID") VALUES ('4', '2', '2');
INSERT INTO bohemia.pastproject ("PastProjectID", "EmployeeID", "ProjectID") VALUES ('5', '2', '3');
INSERT INTO bohemia.pastproject ("PastProjectID", "EmployeeID", "ProjectID") VALUES ('6', '2', '5');
INSERT INTO bohemia.pastproject ("PastProjectID", "EmployeeID", "ProjectID") VALUES ('7', '3', '2');
INSERT INTO bohemia.pastproject ("PastProjectID", "EmployeeID", "ProjectID") VALUES ('8', '3', '4');
INSERT INTO bohemia.pastproject ("PastProjectID", "EmployeeID", "ProjectID") VALUES ('9', '3', '5');
INSERT INTO bohemia.pastproject ("PastProjectID", "EmployeeID", "ProjectID") VALUES ('10', '3', '7');
INSERT INTO bohemia.pastproject ("PastProjectID", "EmployeeID", "ProjectID") VALUES ('11', '4', '2');
INSERT INTO bohemia.pastproject ("PastProjectID", "EmployeeID", "ProjectID") VALUES ('12', '4', '4');
INSERT INTO bohemia.pastproject ("PastProjectID", "EmployeeID", "ProjectID") VALUES ('13', '4', '7');
INSERT INTO bohemia.pastproject ("PastProjectID", "EmployeeID", "ProjectID") VALUES ('14', '5', '4');
INSERT INTO bohemia.pastproject ("PastProjectID", "EmployeeID", "ProjectID") VALUES ('15', '5', '5');
INSERT INTO bohemia.pastproject ("PastProjectID", "EmployeeID", "ProjectID") VALUES ('16', '6', '9');
INSERT INTO bohemia.pastproject ("PastProjectID", "EmployeeID", "ProjectID") VALUES ('17', '6', '10');
INSERT INTO bohemia.pastproject ("PastProjectID", "EmployeeID", "ProjectID") VALUES ('18', '6', '11');
INSERT INTO bohemia.pastproject ("PastProjectID", "EmployeeID", "ProjectID") VALUES ('19', '7', '9');
INSERT INTO bohemia.pastproject ("PastProjectID", "EmployeeID", "ProjectID") VALUES ('20', '7', '10');
INSERT INTO bohemia.pastproject ("PastProjectID", "EmployeeID", "ProjectID") VALUES ('21', '7', '11');
INSERT INTO bohemia.pastproject ("PastProjectID", "EmployeeID", "ProjectID") VALUES ('22', '8', '9');
INSERT INTO bohemia.pastproject ("PastProjectID", "EmployeeID", "ProjectID") VALUES ('23', '8', '10');
INSERT INTO bohemia.pastproject ("PastProjectID", "EmployeeID", "ProjectID") VALUES ('24', '8', '11');
INSERT INTO bohemia.pastproject ("PastProjectID", "EmployeeID", "ProjectID") VALUES ('25', '9', '9');
INSERT INTO bohemia.pastproject ("PastProjectID", "EmployeeID", "ProjectID") VALUES ('26', '9', '10');
INSERT INTO bohemia.pastproject ("PastProjectID", "EmployeeID", "ProjectID") VALUES ('27', '9', '11');
INSERT INTO bohemia.pastproject ("PastProjectID", "EmployeeID", "ProjectID") VALUES ('28', '10', '9');
INSERT INTO bohemia.pastproject ("PastProjectID", "EmployeeID", "ProjectID") VALUES ('29', '10', '10');
INSERT INTO bohemia.pastproject ("PastProjectID", "EmployeeID", "ProjectID") VALUES ('30', '10', '11');
INSERT INTO bohemia.pastproject ("PastProjectID", "EmployeeID", "ProjectID") VALUES ('31', '11', '11');
INSERT INTO bohemia.pastproject ("PastProjectID", "EmployeeID", "ProjectID") VALUES ('32', '11', '13');
INSERT INTO bohemia.pastproject ("PastProjectID", "EmployeeID", "ProjectID") VALUES ('33', '11', '15');
INSERT INTO bohemia.pastproject ("PastProjectID", "EmployeeID", "ProjectID") VALUES ('34', '12', '15');
INSERT INTO bohemia.pastproject ("PastProjectID", "EmployeeID", "ProjectID") VALUES ('35', '12', '16');
INSERT INTO bohemia.pastproject ("PastProjectID", "EmployeeID", "ProjectID") VALUES ('36', '15', '15');
INSERT INTO bohemia.pastproject ("PastProjectID", "EmployeeID", "ProjectID") VALUES ('37', '15', '16');
INSERT INTO bohemia.pastproject ("PastProjectID", "EmployeeID", "ProjectID") VALUES ('38', '16', '15');
INSERT INTO bohemia.pastproject ("PastProjectID", "EmployeeID", "ProjectID") VALUES ('39', '16', '16');
INSERT INTO bohemia.pastproject ("PastProjectID", "EmployeeID", "ProjectID") VALUES ('40', '17', '9');
INSERT INTO bohemia.pastproject ("PastProjectID", "EmployeeID", "ProjectID") VALUES ('41', '17', '11');
INSERT INTO bohemia.pastproject ("PastProjectID", "EmployeeID", "ProjectID") VALUES ('42', '17', '13');
INSERT INTO bohemia.pastproject ("PastProjectID", "EmployeeID", "ProjectID") VALUES ('43', '17', '16');
INSERT INTO bohemia.pastproject ("PastProjectID", "EmployeeID", "ProjectID") VALUES ('44', '18', '9');
INSERT INTO bohemia.pastproject ("PastProjectID", "EmployeeID", "ProjectID") VALUES ('45', '18', '11');
INSERT INTO bohemia.pastproject ("PastProjectID", "EmployeeID", "ProjectID") VALUES ('46', '18', '13');
INSERT INTO bohemia.pastproject ("PastProjectID", "EmployeeID", "ProjectID") VALUES ('47', '18', '16');
INSERT INTO bohemia.pastproject ("PastProjectID", "EmployeeID", "ProjectID") VALUES ('48', '19', '9');
INSERT INTO bohemia.pastproject ("PastProjectID", "EmployeeID", "ProjectID") VALUES ('49', '19', '11');
INSERT INTO bohemia.pastproject ("PastProjectID", "EmployeeID", "ProjectID") VALUES ('50', '19', '13');
INSERT INTO bohemia.pastproject ("PastProjectID", "EmployeeID", "ProjectID") VALUES ('51', '19', '16');
INSERT INTO bohemia.pastproject ("PastProjectID", "EmployeeID", "ProjectID") VALUES ('52', '22', '19');
INSERT INTO bohemia.pastproject ("PastProjectID", "EmployeeID", "ProjectID") VALUES ('53', '23', '19');
INSERT INTO bohemia.pastproject ("PastProjectID", "EmployeeID", "ProjectID") VALUES ('54', '23', '21');
INSERT INTO bohemia.pastproject ("PastProjectID", "EmployeeID", "ProjectID") VALUES ('55', '24', '19');
INSERT INTO bohemia.pastproject ("PastProjectID", "EmployeeID", "ProjectID") VALUES ('56', '24', '20');
INSERT INTO bohemia.pastproject ("PastProjectID", "EmployeeID", "ProjectID") VALUES ('57', '27', '19');
INSERT INTO bohemia.pastproject ("PastProjectID", "EmployeeID", "ProjectID") VALUES ('58', '28', '19');
INSERT INTO bohemia.pastproject ("PastProjectID", "EmployeeID", "ProjectID") VALUES ('59', '28', '21');
INSERT INTO bohemia.pastproject ("PastProjectID", "EmployeeID", "ProjectID") VALUES ('60', '29', '19');
INSERT INTO bohemia.pastproject ("PastProjectID", "EmployeeID", "ProjectID") VALUES ('61', '29', '20');
INSERT INTO bohemia.pastproject ("PastProjectID", "EmployeeID", "ProjectID") VALUES ('62', '30', '19');
INSERT INTO bohemia.pastproject ("PastProjectID", "EmployeeID", "ProjectID") VALUES ('63', '30', '20');
INSERT INTO bohemia.pastproject ("PastProjectID", "EmployeeID", "ProjectID") VALUES ('64', '31', '19');
INSERT INTO bohemia.pastproject ("PastProjectID", "EmployeeID", "ProjectID") VALUES ('65', '31', '21');
INSERT INTO bohemia.pastproject ("PastProjectID", "EmployeeID", "ProjectID") VALUES ('66', '34', '19');
INSERT INTO bohemia.pastproject ("PastProjectID", "EmployeeID", "ProjectID") VALUES ('67', '34', '20');
INSERT INTO bohemia.pastproject ("PastProjectID", "EmployeeID", "ProjectID") VALUES ('68', '34', '21');
INSERT INTO bohemia.pastproject ("PastProjectID", "EmployeeID", "ProjectID") VALUES ('69', '35', '25');
INSERT INTO bohemia.pastproject ("PastProjectID", "EmployeeID", "ProjectID") VALUES ('70', '35', '26');
INSERT INTO bohemia.pastproject ("PastProjectID", "EmployeeID", "ProjectID") VALUES ('71', '37', '26');
INSERT INTO bohemia.pastproject ("PastProjectID", "EmployeeID", "ProjectID") VALUES ('72', '38', '24');
INSERT INTO bohemia.pastproject ("PastProjectID", "EmployeeID", "ProjectID") VALUES ('73', '39', '24');
INSERT INTO bohemia.pastproject ("PastProjectID", "EmployeeID", "ProjectID") VALUES ('74', '39', '25');
INSERT INTO bohemia.pastproject ("PastProjectID", "EmployeeID", "ProjectID") VALUES ('75', '39', '26');
INSERT INTO bohemia.pastproject ("PastProjectID", "EmployeeID", "ProjectID") VALUES ('76', '40', '29');
INSERT INTO bohemia.pastproject ("PastProjectID", "EmployeeID", "ProjectID") VALUES ('77', '40', '30');
INSERT INTO bohemia.pastproject ("PastProjectID", "EmployeeID", "ProjectID") VALUES ('78', '40', '34');
INSERT INTO bohemia.pastproject ("PastProjectID", "EmployeeID", "ProjectID") VALUES ('79', '41', '29');
INSERT INTO bohemia.pastproject ("PastProjectID", "EmployeeID", "ProjectID") VALUES ('80', '41', '30');
INSERT INTO bohemia.pastproject ("PastProjectID", "EmployeeID", "ProjectID") VALUES ('81', '41', '34');
INSERT INTO bohemia.pastproject ("PastProjectID", "EmployeeID", "ProjectID") VALUES ('82', '43', '30');
INSERT INTO bohemia.pastproject ("PastProjectID", "EmployeeID", "ProjectID") VALUES ('83', '43', '34');
INSERT INTO bohemia.pastproject ("PastProjectID", "EmployeeID", "ProjectID") VALUES ('84', '44', '30');
INSERT INTO bohemia.pastproject ("PastProjectID", "EmployeeID", "ProjectID") VALUES ('85', '45', '35');
INSERT INTO bohemia.pastproject ("PastProjectID", "EmployeeID", "ProjectID") VALUES ('86', '45', '36');
INSERT INTO bohemia.pastproject ("PastProjectID", "EmployeeID", "ProjectID") VALUES ('87', '45', '39');
INSERT INTO bohemia.pastproject ("PastProjectID", "EmployeeID", "ProjectID") VALUES ('88', '46', '38');
INSERT INTO bohemia.pastproject ("PastProjectID", "EmployeeID", "ProjectID") VALUES ('89', '46', '45');
INSERT INTO bohemia.pastproject ("PastProjectID", "EmployeeID", "ProjectID") VALUES ('90', '47', '40');
INSERT INTO bohemia.pastproject ("PastProjectID", "EmployeeID", "ProjectID") VALUES ('91', '47', '45');
INSERT INTO bohemia.pastproject ("PastProjectID", "EmployeeID", "ProjectID") VALUES ('92', '49', '38');
INSERT INTO bohemia.pastproject ("PastProjectID", "EmployeeID", "ProjectID") VALUES ('93', '49', '40');
